{"cameraMode":{"drawMode":0,"name":"Shaded","section":"Shading Mode"},"sceneLighting":true,"audioPlay":false,"sceneViewState":{"m_AlwaysRefresh":false,"showFog":true,"showSkybox":true,"showFlares":true,"showImageEffects":true,"showParticleSystems":true,"showVisualEffectGraphs":true,"m_FxEnabled":true},"in2DMode":false,"pivot":{"x":2.084768772125244,"y":-0.7602944374084473,"z":1.2991619110107422},"rotation":{"x":0.08688666671514511,"y":0.008965903893113137,"z":-0.0007820167229510844,"w":0.9961779713630676},"size":47.51219177246094,"orthographic":false}